Time,Actual DP
13.01,0.01
13.02,0.01
13.03,0.02
13.04,0.02
13.05,0.03
13.06,0.04
13.07,0.04
13.08,0.05
13.09,0.05
13.1,0.06
13.11,0.06
13.12,0.07
13.13,0.08
13.14,0.08
13.15,0.09
13.16,0.09
13.17,0.1
13.18,0.1
13.19,0.11
13.2,0.12
13.21,0.12
13.22,0.13
13.23,0.13
13.24,0.14
13.25,0.14
13.26,0.15
13.27,0.16
13.28,0.16
13.29,0.17
13.3,0.17
13.31,0.18
13.32,0.18
13.33,0.19
13.34,0.2
13.35,0.2
13.36,0.21
13.37,0.21
13.38,0.22
13.39,0.22
13.4,0.23
13.41,0.24
13.42,0.24
13.43,0.25
13.44,0.25
13.45,0.26
13.46,0.26
13.47,0.27
13.48,0.28
13.49,0.28
13.5,0.29
13.5,0.29
13.51,0.29
13.52,0.29
13.53,0.29
13.54,0.29
13.55,0.29
13.56,0.29
13.57,0.29
13.58,0.29
13.59,0.29
13.6,0.29
13.61,0.29
13.62,0.29
13.63,0.29
13.64,0.29
13.65,0.29
13.66,0.29
13.67,0.29
13.68,0.29
13.69,0.29
13.7,0.29
13.71,0.29
13.72,0.29
13.73,0.29
13.74,0.29
13.75,0.29
13.76,0.29
13.77,0.29
13.78,0.29
13.79,0.29
13.8,0.29
13.81,0.29
13.82,0.29
13.83,0.29
13.84,0.29
13.85,0.29
13.86,0.29
13.87,0.29
13.88,0.29
13.89,0.29
13.9,0.29
13.91,0.29
13.92,0.29
13.93,0.29
13.94,0.29
13.95,0.29
13.96,0.29
13.97,0.29
13.98,0.29
13.99,0.29
14.0,0.29
14.01,0.29
14.02,0.29
14.03,0.29
14.04,0.29
14.05,0.29
14.06,0.29
14.07,0.29
14.08,0.29
14.09,0.29
14.1,0.29
14.11,0.29
14.12,0.29
14.13,0.29
14.14,0.29
14.15,0.29
14.16,0.29
14.17,0.29
14.18,0.29
14.19,0.29
14.2,0.29
14.21,0.29
14.22,0.29
14.23,0.29
14.24,0.29
14.25,0.29
14.26,0.29
14.27,0.29
14.28,0.29
14.29,0.29
14.3,0.29
14.31,0.29
14.32,0.29
14.33,0.29
14.34,0.29
14.35,0.29
14.36,0.29
14.37,0.29
14.38,0.29
14.39,0.29
14.4,0.29
14.41,0.29
14.42,0.29
14.43,0.29
14.44,0.29
14.45,0.29
14.46,0.29
14.47,0.29
14.48,0.29
14.49,0.29
14.5,0.29
14.51,0.29
14.52,0.29
14.53,0.29
14.54,0.29
14.55,0.29
14.56,0.29
14.57,0.29
14.58,0.29
14.59,0.29
14.6,0.29
14.61,0.29
14.62,0.29
14.63,0.29
14.64,0.29
14.65,0.29
14.66,0.29
14.67,0.29
14.68,0.29
14.69,0.29
14.7,0.29
14.71,0.29
14.72,0.29
14.73,0.29
14.74,0.29
14.75,0.29
14.76,0.29
14.77,0.29
14.78,0.29
14.79,0.29
14.8,0.29
14.81,0.29
14.82,0.29
14.83,0.29
14.84,0.29
14.85,0.29
14.86,0.29
14.87,0.29
14.88,0.29
14.89,0.29
14.9,0.29
14.91,0.29
14.92,0.29
14.93,0.29
14.94,0.29
14.95,0.29
14.96,0.29
14.97,0.29
14.98,0.29
14.99,0.29
15.0,0.29
15.01,0.29
15.02,0.29
15.03,0.29
15.04,0.29
15.05,0.29
15.06,0.29
15.07,0.29
15.08,0.29
15.09,0.29
15.1,0.29
15.11,0.29
15.12,0.29
15.13,0.29
15.14,0.29
15.15,0.29
15.16,0.29
15.17,0.29
15.18,0.29
15.19,0.29
15.2,0.29
15.21,0.29
15.22,0.29
15.23,0.29
15.24,0.29
15.25,0.29
15.26,0.29
15.27,0.29
15.28,0.29
15.29,0.29
15.3,0.29
15.31,0.29
15.32,0.29
15.33,0.29
15.34,0.29
15.35,0.29
15.36,0.29
15.37,0.29
15.38,0.29
15.39,0.29
15.4,0.29
15.41,0.29
15.42,0.29
15.43,0.29
15.44,0.29
15.45,0.29
15.46,0.29
15.47,0.29
15.48,0.29
15.49,0.29
15.5,0.29
15.51,0.29
15.52,0.29
15.53,0.29
15.54,0.29
15.55,0.29
15.56,0.29
15.57,0.29
15.58,0.29
15.59,0.29
15.6,0.29
15.61,0.29
15.62,0.29
15.63,0.29
15.64,0.29
15.65,0.29
15.66,0.29
15.67,0.29
15.68,0.29
15.69,0.29
15.7,0.29
15.71,0.29
15.72,0.29
15.73,0.29
15.74,0.29
15.75,0.29
15.76,0.29
15.77,0.29
15.78,0.29
15.79,0.29
15.8,0.29
15.81,0.29
15.82,0.29
15.83,0.29
15.84,0.29
15.85,0.29
15.86,0.29
15.87,0.29
15.88,0.29
15.89,0.29
15.9,0.29
15.91,0.29
15.92,0.29
15.93,0.29
15.94,0.29
15.95,0.29
15.96,0.29
15.97,0.29
15.98,0.29
15.99,0.29
16.0,0.29
16.01,0.29
16.02,0.29
16.03,0.29
16.04,0.29
16.05,0.29
16.06,0.29
16.07,0.29
16.08,0.29
16.09,0.29
16.1,0.29
16.11,0.29
16.12,0.29
16.13,0.29
16.14,0.29
16.15,0.29
16.16,0.29
16.17,0.29
16.18,0.29
16.19,0.29
16.2,0.29
16.21,0.29
16.22,0.29
16.23,0.29
16.24,0.29
16.25,0.29
16.26,0.29
16.27,0.29
16.28,0.29
16.29,0.29
16.3,0.29
16.31,0.29
16.32,0.29
16.33,0.29
16.34,0.29
16.35,0.29
16.36,0.29
16.37,0.29
16.38,0.29
16.39,0.29
16.4,0.29
16.41,0.29
16.42,0.29
16.43,0.29
16.44,0.29
16.45,0.29
16.46,0.29
16.47,0.29
16.48,0.29
16.49,0.29
16.5,0.29
16.51,0.29
16.52,0.29
16.53,0.29
16.54,0.29
16.55,0.29
16.56,0.29
16.57,0.29
16.58,0.29
16.59,0.29
16.6,0.29
16.61,0.29
16.62,0.29
16.63,0.29
16.64,0.29
16.65,0.29
16.66,0.29
16.67,0.29
16.68,0.29
16.69,0.29
16.7,0.29
16.71,0.29
16.72,0.29
16.73,0.29
16.74,0.29
16.75,0.29
16.76,0.29
16.77,0.29
16.78,0.29
16.79,0.29
16.8,0.29
16.81,0.29
16.82,0.29
16.83,0.29
16.84,0.29
16.85,0.29
16.86,0.29
16.87,0.29
16.88,0.29
16.89,0.29
16.9,0.29
16.91,0.29
16.92,0.29
16.93,0.29
16.94,0.29
16.95,0.29
16.96,0.29
16.97,0.29
16.98,0.29
16.99,0.29
17.0,0.29
17.01,0.29
17.02,0.29
17.03,0.29
17.04,0.29
17.05,0.29
17.06,0.29
17.07,0.29
17.08,0.29
17.09,0.29
17.1,0.29
17.11,0.29
17.12,0.29
17.13,0.29
17.14,0.29
17.15,0.29
17.16,0.29
17.17,0.29
17.18,0.29
17.19,0.29
17.2,0.29
17.21,0.29
17.22,0.29
17.23,0.29
17.24,0.29
17.25,0.29
17.26,0.29
17.27,0.29
17.28,0.29
17.29,0.29
17.3,0.29
17.31,0.29
17.32,0.29
17.33,0.29
17.34,0.29
17.35,0.29
17.36,0.29
17.37,0.29
17.38,0.29
17.39,0.29
17.4,0.29
17.41,0.29
17.42,0.29
17.43,0.29
17.44,0.29
17.45,0.29
17.46,0.29
17.47,0.29
17.48,0.29
17.49,0.29
17.5,0.29
17.51,0.29
17.52,0.29
17.53,0.29
17.54,0.29
17.55,0.29
17.56,0.29
17.57,0.29
17.58,0.29
17.59,0.29
17.6,0.29
17.61,0.29
17.62,0.29
17.63,0.29
17.64,0.29
17.65,0.29
17.66,0.29
17.67,0.29
17.68,0.29
17.69,0.29
17.7,0.29
17.71,0.29
17.72,0.29
17.73,0.29
17.74,0.29
17.75,0.29
17.76,0.29
17.77,0.29
17.78,0.29
17.79,0.29
17.8,0.29
17.81,0.29
17.82,0.29
17.83,0.29
17.84,0.29
17.85,0.29
17.86,0.29
17.87,0.29
17.88,0.29
17.89,0.29
17.9,0.29
17.91,0.29
17.92,0.29
17.93,0.29
17.94,0.29
17.95,0.29
17.96,0.29
17.97,0.29
17.98,0.29
17.99,0.29
18.0,0.29
18.01,0.29
18.02,0.29
18.03,0.29
18.04,0.29
18.05,0.29
18.06,0.29
18.07,0.29
18.08,0.29
18.09,0.29
18.1,0.29
18.11,0.29
18.12,0.29
18.13,0.29
18.14,0.29
18.15,0.29
18.16,0.29
18.17,0.29
18.18,0.29
18.19,0.29
18.2,0.29
18.21,0.29
18.22,0.29
18.23,0.29
18.24,0.29
18.25,0.29
18.26,0.29
18.27,0.29
18.28,0.29
18.29,0.29
18.3,0.29
18.31,0.29
18.32,0.29
18.33,0.29
18.34,0.29
18.35,0.29
18.36,0.29
18.37,0.29
18.38,0.29
18.39,0.29
18.4,0.29
18.41,0.29
18.42,0.29
18.43,0.29
18.44,0.29
18.45,0.29
18.46,0.29
18.47,0.29
18.48,0.29
18.49,0.29
18.5,0.29
18.51,0.29
18.52,0.29
18.53,0.29
18.54,0.29
18.55,0.29
18.56,0.29
18.57,0.29
18.58,0.29
18.59,0.29
18.6,0.29
18.61,0.29
18.62,0.29
18.63,0.29
18.64,0.29
18.65,0.29
18.66,0.29
18.67,0.29
18.68,0.29
18.69,0.29
18.7,0.29
18.71,0.29
18.72,0.29
18.73,0.29
18.74,0.29
18.75,0.29
18.76,0.29
18.77,0.29
18.78,0.29
18.79,0.29
18.8,0.29
18.81,0.29
18.82,0.29
18.83,0.29
18.84,0.29
18.85,0.29
18.86,0.29
18.87,0.29
18.88,0.29
18.89,0.29
18.9,0.29
18.91,0.29
18.92,0.29
18.93,0.29
18.94,0.29
18.95,0.29
18.96,0.29
18.97,0.29
18.98,0.29
18.99,0.29
19.0,0.29
19.01,0.29
19.02,0.29
19.03,0.29
19.04,0.29
19.05,0.29
19.06,0.29
19.07,0.29
19.08,0.29
19.09,0.29
19.1,0.29
19.11,0.29
19.12,0.29
19.13,0.29
19.14,0.29
19.15,0.29
19.16,0.29
19.17,0.29
19.18,0.29
19.19,0.29
19.2,0.29
19.21,0.29
19.22,0.29
19.23,0.29
19.24,0.29
19.25,0.29
19.26,0.29
19.27,0.29
19.28,0.29
19.29,0.29
19.3,0.29
19.31,0.29
19.32,0.29
19.33,0.29
19.34,0.29
19.35,0.29
19.36,0.29
19.37,0.29
19.38,0.29
19.39,0.29
19.4,0.29
19.41,0.29
19.42,0.29
19.43,0.29
19.44,0.29
19.45,0.29
19.46,0.29
19.47,0.29
19.48,0.29
19.49,0.29
19.5,0.29
19.51,0.29
19.52,0.29
19.53,0.29
19.54,0.29
19.55,0.29
19.56,0.29
19.57,0.29
19.58,0.29
19.59,0.29
19.6,0.29
19.61,0.29
19.62,0.29
19.63,0.29
19.64,0.29
19.65,0.29
19.66,0.29
19.67,0.29
19.68,0.29
19.69,0.29
19.7,0.29
19.71,0.29
19.72,0.29
19.73,0.29
19.74,0.29
19.75,0.29
19.76,0.29
19.77,0.29
19.78,0.29
19.79,0.29
19.8,0.29
19.81,0.29
19.82,0.29
19.83,0.29
19.84,0.29
19.85,0.29
19.86,0.29
19.87,0.29
19.88,0.29
19.89,0.29
19.9,0.29
19.91,0.29
19.92,0.29
19.93,0.29
19.94,0.29
19.95,0.29
19.96,0.29
19.97,0.29
19.98,0.29
19.99,0.29
20.0,0.29
20.01,0.29
20.02,0.29
20.03,0.29
20.04,0.29
20.05,0.29
20.06,0.29
20.07,0.29
20.08,0.29
20.09,0.29
20.1,0.29
20.11,0.29
20.12,0.29
20.13,0.29
20.14,0.29
20.15,0.29
20.16,0.29
20.17,0.29
20.18,0.29
20.19,0.29
20.2,0.29
20.21,0.29
20.22,0.29
20.23,0.29
20.24,0.29
20.25,0.29
20.26,0.29
20.27,0.29
20.28,0.29
20.29,0.29
20.3,0.29
20.31,0.29
20.32,0.29
20.33,0.29
20.34,0.29
20.35,0.29
20.36,0.29
20.37,0.29
20.38,0.29
20.39,0.29
20.4,0.29
20.41,0.29
20.42,0.29
20.43,0.29
20.44,0.29
20.45,0.29
20.46,0.29
20.47,0.29
20.48,0.29
20.49,0.29
20.5,0.29
20.51,0.29
20.52,0.29
20.53,0.29
20.54,0.29
20.55,0.29
20.56,0.29
20.57,0.29
20.58,0.29
20.59,0.29
20.6,0.29
20.61,0.29
20.62,0.29
20.63,0.29
20.64,0.29
20.65,0.29
20.66,0.29
20.67,0.29
20.68,0.29
20.69,0.29
20.7,0.29
20.71,0.29
20.72,0.29
20.73,0.29
20.74,0.29
20.75,0.29
20.76,0.29
20.77,0.29
20.78,0.29
20.79,0.29
20.8,0.29
20.81,0.29
20.82,0.29
20.83,0.29
20.84,0.29
20.85,0.29
20.86,0.29
20.87,0.29
20.88,0.29
20.89,0.29
20.9,0.29
20.91,0.29
20.92,0.29
20.93,0.29
20.94,0.29
20.95,0.29
20.96,0.29
20.97,0.29
20.98,0.29
20.99,0.29
21.0,0.29
21.01,0.29
21.02,0.29
21.03,0.29
21.04,0.29
21.05,0.29
21.06,0.29
21.07,0.29
21.08,0.29
21.09,0.29
21.1,0.29
21.11,0.29
21.12,0.29
21.13,0.29
21.14,0.29
21.15,0.29
21.16,0.29
21.17,0.29
21.18,0.29
21.19,0.29
21.2,0.29
21.21,0.29
21.22,0.29
21.23,0.29
21.24,0.29
21.25,0.29
21.26,0.29
21.27,0.29
21.28,0.29
21.29,0.29
21.3,0.29
21.31,0.29
21.32,0.29
21.33,0.29
21.34,0.29
21.35,0.29
21.36,0.29
21.37,0.29
21.38,0.29
21.39,0.29
21.4,0.29
21.41,0.29
21.42,0.29
21.43,0.29
21.44,0.29
21.45,0.29
21.46,0.29
21.47,0.29
21.48,0.29
21.49,0.29
21.5,0.29
21.51,0.29
21.52,0.29
21.53,0.29
21.54,0.29
21.55,0.29
21.56,0.29
21.57,0.29
21.58,0.29
21.59,0.29
21.6,0.29
21.61,0.29
21.62,0.29
21.62,0.29
21.64,0.29
21.65,0.29
21.65,0.29
21.66,0.29
21.67,0.29
21.68,0.29
21.7,0.29
21.71,0.29
21.71,0.29
21.72,0.29
21.74,0.29
21.74,0.29
21.76,0.29
21.76,0.29
21.77,0.29
21.78,0.29
21.79,0.29
21.8,0.29
21.81,0.29
21.82,0.29
21.83,0.29
21.84,0.29
21.85,0.29
21.86,0.29
21.87,0.29
21.88,0.29
21.89,0.29
21.9,0.29
21.91,0.29
21.92,0.29
21.93,0.29
21.94,0.29
21.95,0.29
21.96,0.29
21.97,0.29
21.98,0.29
21.99,0.29
22.0,0.29
22.01,0.29
22.02,0.29
22.03,0.29
22.04,0.29
22.05,0.29
22.06,0.29
22.07,0.29
22.08,0.29
22.09,0.29
22.1,0.29
22.11,0.29
22.12,0.29
22.13,0.29
22.14,0.29
22.15,0.29
22.16,0.29
22.17,0.29
22.18,0.29
22.19,0.29
22.2,0.29
22.21,0.29
22.22,0.29
22.23,0.29
22.24,0.29
22.25,0.29
22.26,0.29
22.27,0.29
22.28,0.29
22.29,0.29
22.3,0.29
22.31,0.29
22.32,0.29
22.33,0.29
22.34,0.29
22.35,0.29
22.36,0.29
22.37,0.29
22.38,0.29
22.39,0.29
22.4,0.29
22.41,0.29
22.42,0.29
22.43,0.29
22.44,0.29
22.45,0.29
22.46,0.29
22.47,0.29
22.48,0.29
22.49,0.29
22.5,0.29
22.51,0.29
22.52,0.29
22.53,0.29
22.54,0.29
22.55,0.29
22.56,0.29
22.57,0.29
22.58,0.29
22.59,0.29
22.6,0.29
22.61,0.29
22.62,0.29
22.63,0.29
22.64,0.29
22.65,0.29
22.66,0.29
22.67,0.29
22.68,0.29
22.69,0.29
22.7,0.29
22.71,0.29
22.72,0.29
22.73,0.29
22.74,0.29
22.75,0.29
22.76,0.29
22.77,0.29
22.78,0.29
22.79,0.29
22.8,0.29
22.81,0.29
22.82,0.29
22.83,0.29
22.84,0.29
22.85,0.29
22.86,0.29
22.87,0.29
22.88,0.29
22.89,0.29
22.9,0.29
22.91,0.29
22.92,0.29
22.93,0.29
22.94,0.29
22.95,0.29
22.96,0.29
22.97,0.29
22.98,0.29
22.99,0.29
23.0,0.29
23.01,0.29
23.02,0.29
23.03,0.29
23.04,0.29
23.05,0.29
23.06,0.29
23.07,0.29
23.08,0.29
23.09,0.29
23.1,0.29
23.11,0.29
23.12,0.29
23.13,0.29
23.14,0.29
23.15,0.29
23.16,0.29
23.17,0.29
23.18,0.29
23.19,0.29
23.2,0.29
23.21,0.29
23.22,0.29
23.23,0.29
23.24,0.29
23.25,0.29
23.26,0.29
23.27,0.29
23.28,0.29
23.29,0.29
23.3,0.29
23.31,0.29
23.32,0.29
23.33,0.29
23.34,0.29
23.35,0.29
23.36,0.29
23.37,0.29
23.38,0.29
23.39,0.29
23.4,0.29
23.41,0.29
23.42,0.29
23.43,0.29
23.44,0.29
23.45,0.29
23.46,0.29
23.47,0.29
23.48,0.29
23.49,0.29
23.5,0.29
23.51,0.29
23.52,0.29
23.53,0.29
23.54,0.29
23.55,0.29
23.56,0.29
23.57,0.29
23.58,0.29
23.59,0.29
23.6,0.29
23.61,0.29
23.62,0.29
23.63,0.29
23.64,0.29
23.65,0.29
23.66,0.29
23.67,0.29
23.68,0.29
23.69,0.29
23.7,0.29
23.71,0.29
23.72,0.29
23.73,0.29
23.74,0.29
23.75,0.29
23.76,0.29
23.77,0.29
23.78,0.29
23.79,0.29
23.8,0.29
23.81,0.29
23.82,0.29
23.83,0.29
23.84,0.29
23.85,0.29
23.86,0.29
23.87,0.29
23.88,0.29
23.89,0.29
23.9,0.29
23.91,0.29
23.92,0.29
23.93,0.29
23.94,0.29
23.95,0.29
23.96,0.29
23.97,0.29
23.98,0.29
23.99,0.29
24.0,0.29
24.01,0.29
24.02,0.29
24.03,0.29
24.04,0.29
24.05,0.29
24.06,0.29
24.07,0.29
24.08,0.29
24.09,0.29
24.1,0.29
24.11,0.29
24.12,0.29
24.13,0.29
24.14,0.29
24.15,0.29
24.16,0.29
24.17,0.29
24.18,0.29
24.19,0.29
24.2,0.29
24.21,0.29
24.22,0.29
24.23,0.29
24.24,0.29
24.25,0.29
24.26,0.29
24.27,0.29
24.28,0.29
24.29,0.29
24.3,0.29
24.31,0.29
24.32,0.29
24.33,0.29
24.34,0.29
24.35,0.29
24.36,0.29
24.37,0.29
24.38,0.29
24.39,0.29
24.4,0.29
24.41,0.29
24.42,0.29
24.43,0.29
24.44,0.29
24.45,0.29
24.46,0.29
24.47,0.29
24.48,0.29
24.49,0.29
24.5,0.29
24.51,0.29
24.52,0.29
24.53,0.29
24.54,0.29
24.55,0.29
24.56,0.29
24.57,0.29
24.58,0.29
24.59,0.29
24.6,0.29
24.61,0.29
24.62,0.29
24.63,0.29
24.64,0.29
24.65,0.29
24.66,0.29
24.67,0.29
24.68,0.29
24.69,0.29
24.7,0.29
24.71,0.29
24.72,0.29
24.73,0.29
24.74,0.29
24.75,0.29
24.76,0.29
24.77,0.29
24.78,0.29
24.79,0.29
24.8,0.29
24.81,0.29
24.82,0.29
24.83,0.29
24.84,0.29
24.85,0.29
24.86,0.29
24.87,0.29
24.88,0.29
24.89,0.29
24.9,0.29
24.91,0.29
24.92,0.29
24.93,0.29
24.94,0.29
24.95,0.29
24.96,0.29
24.97,0.29
24.98,0.29
24.99,0.29
25.0,0.29
25.01,0.29
25.02,0.29
25.03,0.29
25.04,0.29
25.05,0.29
25.06,0.29
25.07,0.29
25.08,0.29
25.09,0.29
25.1,0.29
25.11,0.29
25.12,0.29
25.13,0.29
25.14,0.29
25.15,0.29
25.16,0.29
25.17,0.29
25.18,0.29
25.19,0.29
25.2,0.29
25.21,0.29
25.22,0.29
25.23,0.29
25.24,0.29
25.25,0.29
25.26,0.29
25.27,0.29
25.28,0.29
25.29,0.29
25.3,0.29
25.31,0.29
25.32,0.29
25.33,0.29
25.34,0.29
25.35,0.29
25.36,0.29
25.37,0.29
25.38,0.29
25.39,0.29
25.4,0.29
25.41,0.29
25.42,0.29
25.43,0.29
25.44,0.29
25.45,0.29
25.46,0.29
25.47,0.29
25.48,0.29
25.49,0.29
25.5,0.29
25.51,0.29
25.52,0.29
25.53,0.29
25.54,0.29
25.55,0.29
25.56,0.29
25.57,0.29
25.58,0.29
25.59,0.29
25.6,0.29
25.61,0.29
25.62,0.29
25.63,0.29
25.64,0.29
25.65,0.29
25.66,0.29
25.67,0.29
25.68,0.29
25.69,0.29
25.7,0.29
25.71,0.29
25.72,0.29
25.73,0.29
25.74,0.29
25.75,0.29
25.76,0.29
25.77,0.29
25.78,0.29
25.79,0.29
25.8,0.29
25.81,0.29
25.82,0.29
25.83,0.29
25.84,0.29
25.85,0.29
25.86,0.29
25.87,0.29
25.88,0.29
25.89,0.29
25.9,0.29
25.91,0.29
25.92,0.29
25.93,0.29
25.94,0.29
25.95,0.29
25.96,0.29
25.97,0.29
25.98,0.29
25.99,0.29
26.0,0.29
26.01,0.29
26.02,0.29
26.03,0.29
26.04,0.29
26.05,0.29
26.06,0.29
26.07,0.29
26.08,0.29
26.09,0.29
26.1,0.29
26.11,0.29
26.12,0.29
26.13,0.29
26.14,0.29
26.15,0.29
26.16,0.29
26.17,0.29
26.18,0.29
26.19,0.29
26.2,0.29
26.21,0.29
26.22,0.29
26.23,0.29
26.24,0.29
26.25,0.29
26.26,0.29
26.27,0.29
26.28,0.29
26.29,0.29
26.3,0.29
26.31,0.29
26.32,0.29
26.33,0.29
26.34,0.29
26.35,0.29
26.36,0.29
26.37,0.29
26.38,0.29
26.39,0.29
26.4,0.29
26.41,0.29
26.42,0.29
26.43,0.29
26.44,0.29
26.45,0.29
26.46,0.29
26.47,0.29
26.48,0.29
26.49,0.29
26.5,0.29
26.51,0.29
26.52,0.29
26.53,0.29
26.54,0.29
26.55,0.29
26.56,0.29
26.57,0.29
26.58,0.29
26.59,0.29
26.6,0.29
26.61,0.29
26.62,0.29
26.63,0.29
26.64,0.29
26.65,0.29
26.66,0.29
26.67,0.29
26.68,0.29
26.69,0.29
26.7,0.29
26.71,0.29
26.72,0.29
26.73,0.29
26.74,0.29
26.75,0.29
26.76,0.29
26.77,0.29
26.78,0.29
26.79,0.29
26.8,0.29
26.81,0.29
26.82,0.29
26.83,0.29
26.84,0.29
26.85,0.29
26.86,0.29
26.87,0.29
26.88,0.29
26.89,0.29
26.9,0.29
26.91,0.29
26.92,0.29
26.93,0.29
26.94,0.29
26.95,0.29
26.96,0.29
26.97,0.29
26.98,0.29
26.99,0.29
27.0,0.29
27.01,0.29
27.02,0.29
27.03,0.29
27.04,0.29
27.05,0.29
27.06,0.29
27.07,0.29
27.08,0.29
27.09,0.29
27.1,0.29
27.11,0.29
27.12,0.29
27.13,0.29
27.14,0.29
27.15,0.29
27.16,0.29
27.17,0.29
27.18,0.29
27.19,0.29
27.2,0.29
27.21,0.29
27.22,0.29
27.23,0.29
27.24,0.29
27.25,0.29
27.26,0.29
27.27,0.29
27.28,0.29
27.29,0.29
27.3,0.29
27.31,0.29
27.32,0.29
27.33,0.29
27.34,0.29
27.35,0.29
27.36,0.29
27.37,0.29
27.38,0.29
27.39,0.29
27.4,0.29
27.41,0.29
27.42,0.29
27.43,0.29
27.44,0.29
27.45,0.29
27.46,0.29
27.47,0.29
27.48,0.29
27.49,0.29
27.5,0.29
27.51,0.29
27.52,0.29
27.53,0.29
27.54,0.29
27.55,0.29
27.56,0.29
27.57,0.29
27.58,0.29
27.59,0.29
27.6,0.29
27.61,0.29
27.62,0.29
27.63,0.29
27.64,0.29
27.65,0.29
27.66,0.29
27.67,0.29
27.68,0.29
27.69,0.29
27.7,0.29
27.71,0.29
27.72,0.29
27.73,0.29
27.74,0.29
27.75,0.29
27.76,0.29
27.77,0.29
27.78,0.29
27.79,0.29
27.8,0.29
27.81,0.29
27.82,0.29
27.83,0.29
27.84,0.29
27.85,0.29
27.86,0.29
27.87,0.29
27.88,0.29
27.89,0.29
27.9,0.29
27.91,0.29
27.92,0.29
27.93,0.29
27.94,0.29
27.95,0.29
27.96,0.29
27.97,0.29
27.98,0.29
27.99,0.29
28.0,0.29
28.01,0.29
28.02,0.29
28.03,0.29
28.04,0.29
28.05,0.29
28.06,0.29
28.07,0.29
28.08,0.29
28.09,0.29
28.1,0.29
28.11,0.29
28.12,0.29
28.13,0.29
28.14,0.29
28.15,0.29
28.16,0.29
28.17,0.29
28.18,0.29
28.19,0.29
28.2,0.29
28.21,0.29
28.22,0.29
28.23,0.29
28.24,0.29
28.25,0.29
28.26,0.29
28.27,0.29
28.28,0.29
28.29,0.29
28.3,0.29
28.31,0.29
28.32,0.29
28.33,0.29
28.34,0.29
28.35,0.29
28.36,0.29
28.37,0.29
28.38,0.29
28.39,0.29
28.4,0.29
28.41,0.29
28.42,0.29
28.43,0.29
28.44,0.29
28.45,0.29
28.46,0.29
28.47,0.29
28.48,0.29
28.49,0.29
28.5,0.29
28.51,0.29
28.52,0.29
28.53,0.29
28.54,0.29
28.55,0.29
28.56,0.29
28.57,0.29
28.58,0.29
28.59,0.29
28.6,0.29
28.61,0.29
28.62,0.29
28.63,0.29
28.64,0.29
28.65,0.29
28.66,0.29
28.67,0.29
28.68,0.29
28.69,0.29
28.7,0.29
28.71,0.29
28.72,0.29
28.73,0.29
28.74,0.29
28.75,0.29
28.76,0.29
28.77,0.29
28.78,0.29
28.79,0.29
28.8,0.29
28.81,0.29
28.82,0.29
28.83,0.29
28.84,0.29
28.85,0.29
28.86,0.29
28.87,0.29
28.88,0.29
28.89,0.29
28.9,0.29
28.91,0.29
28.92,0.29
28.93,0.29
28.94,0.29
28.95,0.29
28.96,0.29
28.97,0.29
28.98,0.29
28.99,0.29
29.0,0.29
29.01,0.29
29.02,0.29
29.03,0.29
29.04,0.29
29.05,0.29
29.06,0.29
29.07,0.29
29.08,0.29
29.09,0.29
29.1,0.29
29.11,0.29
29.12,0.29
29.13,0.29
29.14,0.29
29.15,0.29
29.16,0.29
29.17,0.29
29.18,0.29
29.19,0.29
29.2,0.29
29.21,0.29
29.22,0.29
29.23,0.29
29.24,0.29
29.25,0.29
29.26,0.29
29.27,0.29
29.28,0.29
29.29,0.29
29.3,0.29
29.31,0.29
29.32,0.29
29.33,0.29
29.34,0.29
29.35,0.29
29.36,0.29
29.37,0.29
29.38,0.29
29.39,0.29
29.4,0.29
29.41,0.29
29.42,0.29
29.43,0.29
29.44,0.29
29.45,0.29
29.46,0.29
29.47,0.29
29.48,0.29
29.49,0.29
29.5,0.29
29.51,0.29
29.52,0.29
29.53,0.29
29.54,0.29
29.55,0.29
29.56,0.29
29.57,0.29
29.58,0.29
29.59,0.29
29.6,0.29
29.61,0.29
29.62,0.29
29.63,0.29
29.64,0.29
29.65,0.29
29.66,0.29
29.67,0.29
29.68,0.29
29.69,0.29
29.7,0.29
29.71,0.29
29.72,0.29
29.73,0.29
29.74,0.29
29.75,0.29
29.76,0.29
29.77,0.29
29.78,0.29
29.79,0.29
29.8,0.29
29.81,0.29
29.82,0.29
29.83,0.29
29.84,0.29
29.85,0.29
29.86,0.29
29.87,0.29
29.88,0.29
29.89,0.29
29.9,0.29
29.91,0.29
29.92,0.29
29.93,0.29
29.94,0.29
29.95,0.29
29.96,0.29
29.97,0.29
29.98,0.29
29.99,0.29
30.0,0.29
30.01,0.29
30.02,0.29
30.03,0.29
30.04,0.29
30.05,0.29
30.06,0.29
30.07,0.29
30.08,0.29
30.09,0.29
30.1,0.29
30.11,0.29
30.12,0.29
30.13,0.29
30.14,0.29
30.15,0.29
30.16,0.29
30.17,0.29
30.18,0.29
30.19,0.29
30.2,0.29
30.21,0.29
30.22,0.29
30.23,0.29
30.24,0.29
30.25,0.29
30.26,0.29
30.27,0.29
30.28,0.29
30.29,0.29
30.3,0.29
30.31,0.29
30.32,0.29
30.33,0.29
30.34,0.29
30.35,0.29
30.36,0.29
30.37,0.29
30.38,0.29
30.39,0.29
30.4,0.29
30.41,0.29
30.42,0.29
30.43,0.29
30.44,0.29
30.45,0.29
30.46,0.29
30.47,0.29
30.48,0.29
30.49,0.29
30.5,0.29
30.51,0.29
30.52,0.29
30.53,0.29
30.54,0.29
30.55,0.29
30.56,0.29
30.57,0.29
30.58,0.29
30.59,0.29
30.6,0.29
30.61,0.29
30.62,0.29
30.63,0.29
30.64,0.29
30.65,0.29
30.66,0.29
30.67,0.29
30.68,0.29
30.69,0.29
30.7,0.29
30.71,0.29
30.72,0.29
30.73,0.29
30.74,0.29
30.75,0.29
30.76,0.29
30.77,0.29
30.78,0.29
30.79,0.29
30.8,0.29
30.81,0.29
30.82,0.29
30.83,0.29
30.84,0.29
30.85,0.29
30.86,0.29
30.87,0.29
30.88,0.29
30.89,0.29
30.9,0.29
30.91,0.29
30.92,0.29
30.93,0.29
30.94,0.29
30.95,0.29
30.96,0.29
30.97,0.29
30.98,0.29
30.99,0.29
31.0,0.29
31.01,0.29
31.02,0.29
31.03,0.29
31.04,0.29
31.05,0.29
31.06,0.29
31.07,0.29
31.08,0.29
31.09,0.29
31.1,0.29
31.11,0.29
31.12,0.29
31.13,0.29
31.14,0.29
31.15,0.29
31.16,0.29
31.17,0.29
31.18,0.29
31.19,0.29
31.2,0.29
31.21,0.29
31.22,0.29
31.23,0.29
31.24,0.29
31.25,0.29
31.26,0.29
31.27,0.29
31.28,0.29
31.29,0.29
31.3,0.29
31.31,0.29
31.32,0.29
31.33,0.29
31.34,0.29
31.35,0.29
31.36,0.29
31.37,0.29
31.38,0.29
31.39,0.29
31.4,0.29
31.41,0.29
31.42,0.29
31.43,0.29
31.44,0.29
31.45,0.29
31.46,0.29
31.47,0.29
31.48,0.29
31.49,0.29
31.5,0.29
31.51,0.29
31.52,0.29
31.53,0.29
31.54,0.29
31.55,0.29
31.56,0.29
31.57,0.29
31.58,0.29
31.59,0.29
31.6,0.29
31.61,0.29
31.62,0.29
31.63,0.29
31.64,0.29
31.65,0.29
31.66,0.29
31.67,0.29
31.68,0.29
31.69,0.29
31.7,0.29
31.71,0.29
31.72,0.29
31.73,0.29
31.74,0.29
31.75,0.29
31.76,0.29
31.77,0.29
31.78,0.29
31.79,0.29
31.8,0.29
31.81,0.29
31.82,0.29
31.83,0.29
31.84,0.29
31.85,0.29
31.86,0.29
31.87,0.29
31.88,0.29
31.89,0.29
31.9,0.29
31.91,0.29
31.92,0.29
31.93,0.29
31.94,0.29
31.95,0.29
31.96,0.29
31.97,0.29
31.98,0.29
31.99,0.29
32.0,0.29
32.01,0.29
32.02,0.29
32.03,0.29
32.04,0.29
32.05,0.29
32.06,0.29
32.07,0.29
32.08,0.29
32.09,0.29
32.1,0.29
32.11,0.29
32.12,0.29
32.13,0.29
32.14,0.29
32.15,0.29
32.16,0.29
32.17,0.29
32.18,0.29
32.19,0.29
32.2,0.29
32.21,0.29
32.22,0.29
32.23,0.29
32.24,0.29
32.25,0.29
32.26,0.29
32.27,0.29
32.28,0.29
32.29,0.29
32.3,0.29
32.31,0.29
32.32,0.29
32.33,0.29
32.34,0.29
32.35,0.29
32.36,0.29
32.37,0.29
32.38,0.29
32.39,0.29
32.4,0.29
32.41,0.29
32.42,0.29
32.43,0.29
32.44,0.29
32.45,0.29
32.46,0.29
32.47,0.29
32.48,0.29
32.49,0.29
32.5,0.29
32.51,0.29
32.52,0.29
32.53,0.29
32.54,0.29
32.55,0.29
32.56,0.29
32.57,0.29
32.58,0.29
32.59,0.29
32.6,0.29
32.61,0.29
32.62,0.29
32.63,0.29
32.64,0.29
32.65,0.29
32.66,0.29
32.67,0.29
32.68,0.29
32.69,0.29
32.7,0.29
32.71,0.29
32.72,0.29
32.73,0.29
32.74,0.29
32.75,0.29
32.76,0.29
32.77,0.29
32.78,0.29
32.79,0.29
32.8,0.29
32.81,0.29
32.82,0.29
32.83,0.29
32.84,0.29
32.85,0.29
32.86,0.29
32.87,0.29
32.88,0.29
32.89,0.29
32.9,0.29
32.91,0.29
32.92,0.29
32.93,0.29
32.94,0.29
32.95,0.29
32.95,0.29
32.96,0.29
32.97,0.29
32.99,0.29
32.99,0.29
33.0,0.29
33.01,0.29
33.02,0.29
33.03,0.29
33.04,0.29
33.05,0.29
33.06,0.29
33.07,0.29
33.08,0.29
33.09,0.29
33.1,0.29
33.11,0.29
33.12,0.29
33.13,0.29
33.14,0.29
33.15,0.29
33.16,0.29
33.17,0.29
33.18,0.0
